<?xml version="1.0" encoding="UTF-8"?>
<project-private xmlns="http://www.netbeans.org/ns/project-private/1">
    <editor-bookmarks xmlns="http://www.netbeans.org/ns/editor-bookmarks/2" lastBookmarkId="0"/>
    <open-files xmlns="http://www.netbeans.org/ns/projectui-open-files/2">
        <group>
            <file>file:/C:/Users/Deyvi%20Tabora/Downloads/CalculoArea/CalculoArea/src/calculoarea/Calculo.java</file>
            <file>file:/C:/Users/Deyvi%20Tabora/Downloads/CalculoArea/CalculoArea/src/calculoarea/Cuadrado.java</file>
            <file>file:/C:/Users/Deyvi%20Tabora/Downloads/CalculoArea/CalculoArea/src/calculoarea/Rectangulo.java</file>
            <file>file:/C:/Users/Deyvi%20Tabora/Downloads/CalculoArea/CalculoArea/src/calculoarea/Triangulo.java</file>
            <file>file:/C:/Users/Deyvi%20Tabora/Downloads/CalculoArea/CalculoArea/src/calculoarea/CalculoArea.java</file>
            <file>file:/C:/Users/Deyvi%20Tabora/Downloads/CalculoArea/CalculoArea/src/calculoarea/Area.java</file>
        </group>
    </open-files>
</project-private>
